[
  {
    "id": "4064fa34-57ec-4cfd-9dfd-72a4eed6fcc8",
    "data": [
      {
        "text": "Change to related",
        "userDefined": false
      }
    ],
    "isTemplate": false,
    "count": 0,
    "updated": 0
  },
  {
    "id": "6a0d3615-80df-48d1-97a9-64e147ea180a",
    "data": [
      {
        "text": "Change to similar",
        "userDefined": false
      }
    ],
    "isTemplate": false,
    "count": 0,
    "updated": 0
  },
  {
    "id": "650e2209-8ccb-4888-8fd8-94bf644f6dd1",
    "data": [
      {
        "text": "Show me similar",
        "userDefined": false
      }
    ],
    "isTemplate": false,
    "count": 0,
    "updated": 0
  },
  {
    "id": "49def057-4ec0-4bd8-82ca-dc298014781c",
    "data": [
      {
        "text": "Find similar",
        "userDefined": false
      }
    ],
    "isTemplate": false,
    "count": 0,
    "updated": 0
  },
  {
    "id": "dd218626-c477-4cb4-821b-c1bc88f8fa5d",
    "data": [
      {
        "text": "Show me related ",
        "userDefined": false
      },
      {
        "text": "movies",
        "meta": "@sys.ignore",
        "userDefined": false
      }
    ],
    "isTemplate": false,
    "count": 0,
    "updated": 0
  }
]