[
  {
    "id": "0c96dc66-0b6a-4fc4-b5d4-5c2524ce0d03",
    "data": [
      {
        "text": "go to ",
        "userDefined": false
      },
      {
        "text": "episodes",
        "meta": "@sys.ignore",
        "userDefined": false
      },
      {
        "text": " ",
        "userDefined": false
      },
      {
        "text": "airing this week",
        "meta": "@filter-tv",
        "alias": "filter",
        "userDefined": false
      }
    ],
    "isTemplate": false,
    "count": 0,
    "lang": "en",
    "updated": 0
  },
  {
    "id": "10cbd329-4462-474c-bac2-88218c18812b",
    "data": [
      {
        "text": "go to ",
        "userDefined": false
      },
      {
        "text": "my next episodes",
        "meta": "@filter-tv",
        "alias": "filter",
        "userDefined": false
      }
    ],
    "isTemplate": false,
    "count": 0,
    "lang": "en",
    "updated": 0
  },
  {
    "id": "c29c583c-a64e-4acb-862c-18643ffaa80c",
    "data": [
      {
        "text": "show",
        "meta": "@sys.ignore",
        "userDefined": false
      },
      {
        "text": " ",
        "userDefined": false
      },
      {
        "text": "next aired library",
        "meta": "@filter-tv",
        "alias": "filter",
        "userDefined": false
      }
    ],
    "isTemplate": false,
    "count": 0,
    "lang": "en",
    "updated": 0
  },
  {
    "id": "394f4356-99e2-4d20-a704-bd0da89dc16b",
    "data": [
      {
        "text": "show",
        "meta": "@sys.ignore",
        "userDefined": false
      },
      {
        "text": " ",
        "userDefined": false
      },
      {
        "text": "airing now",
        "meta": "@filter-tv",
        "alias": "filter",
        "userDefined": false
      }
    ],
    "isTemplate": false,
    "count": 0,
    "lang": "en",
    "updated": 0
  },
  {
    "id": "649a19a0-3007-4d82-97f9-c5a7f8d6e3fc",
    "data": [
      {
        "text": "show tv shows",
        "meta": "@sys.ignore",
        "userDefined": false
      },
      {
        "text": " ",
        "userDefined": false
      },
      {
        "text": "airing today",
        "meta": "@filter-tv",
        "alias": "filter",
        "userDefined": false
      }
    ],
    "isTemplate": false,
    "count": 0,
    "lang": "en",
    "updated": 0
  }
]