[
  {
    "id": "d12fd890-8fa8-4293-a6ae-6e1a24ae3f83",
    "data": [
      {
        "text": "Display ",
        "userDefined": false
      },
      {
        "text": "superman",
        "alias": "title",
        "meta": "@sys.any",
        "userDefined": true
      },
      {
        "text": " on the ",
        "userDefined": false
      },
      {
        "text": "living room TV",
        "alias": "player",
        "meta": "@player",
        "userDefined": false
      }
    ],
    "isTemplate": false,
    "count": 0,
    "updated": 0
  },
  {
    "id": "6fc2150f-ac74-4511-bd22-2220c1459690",
    "data": [
      {
        "text": "Show me ",
        "userDefined": false
      },
      {
        "text": "the matrix",
        "alias": "title",
        "meta": "@sys.any",
        "userDefined": true
      },
      {
        "text": " on the ",
        "userDefined": false
      },
      {
        "text": "living room TV",
        "alias": "player",
        "meta": "@player",
        "userDefined": false
      }
    ],
    "isTemplate": false,
    "count": 0,
    "updated": 0
  },
  {
    "id": "49e6b706-3cd6-4412-adba-8c8af6472bfa",
    "data": [
      {
        "text": "Show me ",
        "userDefined": false
      },
      {
        "text": "Rambo",
        "alias": "title",
        "meta": "@sys.any",
        "userDefined": true
      },
      {
        "text": " on ",
        "userDefined": false
      },
      {
        "text": "living room Kodi",
        "alias": "player",
        "meta": "@player",
        "userDefined": false
      }
    ],
    "isTemplate": false,
    "count": 0,
    "updated": 0
  }
]