[
  {
    "id": "7b478edc-9501-48a6-b88c-b7f6f5463911",
    "data": [
      {
        "text": "browse ",
        "userDefined": false
      },
      {
        "text": "tv shows",
        "meta": "@media",
        "alias": "media",
        "userDefined": true
      },
      {
        "text": " that are  ",
        "userDefined": false
      },
      {
        "text": "drama",
        "meta": "@genre",
        "alias": "genre",
        "userDefined": false
      },
      {
        "text": " on ",
        "userDefined": false
      },
      {
        "text": "living room tv",
        "meta": "@player",
        "alias": "player",
        "userDefined": true
      }
    ],
    "isTemplate": false,
    "count": 0,
    "lang": "en",
    "updated": 0
  },
  {
    "id": "602d51e8-646d-4a02-9b2c-a6ab3fc7091d",
    "data": [
      {
        "text": "browse ",
        "userDefined": false
      },
      {
        "text": "action",
        "meta": "@genre",
        "alias": "genre",
        "userDefined": false
      },
      {
        "text": " ",
        "userDefined": false
      },
      {
        "text": "movies",
        "meta": "@media",
        "alias": "media",
        "userDefined": false
      },
      {
        "text": " on ",
        "userDefined": false
      },
      {
        "text": "living room kodi",
        "meta": "@player",
        "alias": "player",
        "userDefined": true
      }
    ],
    "isTemplate": false,
    "count": 0,
    "lang": "en",
    "updated": 0
  },
  {
    "id": "2dc43054-fff3-4852-a87e-882c6c5d4f26",
    "data": [
      {
        "text": "I want to see a ",
        "userDefined": false
      },
      {
        "text": "horror",
        "meta": "@genre",
        "alias": "genre",
        "userDefined": false
      },
      {
        "text": " ",
        "userDefined": false
      },
      {
        "text": "movie",
        "meta": "@media",
        "alias": "media",
        "userDefined": false
      },
      {
        "text": " in the ",
        "userDefined": false
      },
      {
        "text": "living room",
        "meta": "@player",
        "alias": "player",
        "userDefined": true
      }
    ],
    "isTemplate": false,
    "count": 0,
    "lang": "en",
    "updated": 0
  },
  {
    "id": "e6b99fb7-4d50-49b2-83b8-6ef73d928fc3",
    "data": [
      {
        "text": "browse ",
        "userDefined": false
      },
      {
        "text": "action",
        "meta": "@genre",
        "alias": "genre",
        "userDefined": false
      },
      {
        "text": " ",
        "userDefined": false
      },
      {
        "text": "movies",
        "meta": "@media",
        "alias": "media",
        "userDefined": false
      },
      {
        "text": " on ",
        "userDefined": false
      },
      {
        "text": "bedroom Kodi",
        "meta": "@player",
        "alias": "player",
        "userDefined": false
      }
    ],
    "isTemplate": false,
    "count": 0,
    "lang": "en",
    "updated": 0
  },
  {
    "id": "bce0a982-462c-45fe-b15c-73edfebaf2ad",
    "data": [
      {
        "text": "show me ",
        "userDefined": false
      },
      {
        "text": "horror",
        "meta": "@genre",
        "alias": "genre",
        "userDefined": false
      },
      {
        "text": " ",
        "userDefined": false
      },
      {
        "text": "tv shows",
        "meta": "@media",
        "alias": "media",
        "userDefined": true
      },
      {
        "text": " on ",
        "userDefined": false
      },
      {
        "text": "living room Kodi",
        "meta": "@player",
        "alias": "player",
        "userDefined": false
      }
    ],
    "isTemplate": false,
    "count": 0,
    "lang": "en",
    "updated": 0
  }
]