[
  {
    "id": "2dc43054-fff3-4852-a87e-882c6c5d4f26",
    "data": [
      {
        "text": "I want to see a ",
        "userDefined": false
      },
      {
        "text": "horror",
        "alias": "genre",
        "meta": "@genre",
        "userDefined": false
      },
      {
        "text": " ",
        "userDefined": false
      },
      {
        "text": "movie",
        "alias": "media",
        "meta": "@media",
        "userDefined": false
      },
      {
        "text": " on the ",
        "userDefined": false
      },
      {
        "text": "living room",
        "alias": "player",
        "meta": "@player",
        "userDefined": true
      }
    ],
    "isTemplate": false,
    "count": 0,
    "updated": 0
  },
  {
    "id": "e6b99fb7-4d50-49b2-83b8-6ef73d928fc3",
    "data": [
      {
        "text": "list ",
        "userDefined": false
      },
      {
        "text": "action",
        "alias": "genre",
        "meta": "@genre",
        "userDefined": false
      },
      {
        "text": " ",
        "userDefined": false
      },
      {
        "text": "movies",
        "alias": "media",
        "meta": "@media",
        "userDefined": false
      },
      {
        "text": " on ",
        "userDefined": false
      },
      {
        "text": "bedroom Kodi",
        "alias": "player",
        "meta": "@player",
        "userDefined": false
      }
    ],
    "isTemplate": false,
    "count": 0,
    "updated": 0
  },
  {
    "id": "bce0a982-462c-45fe-b15c-73edfebaf2ad",
    "data": [
      {
        "text": "show me ",
        "userDefined": false
      },
      {
        "text": "horror",
        "alias": "genre",
        "meta": "@genre",
        "userDefined": false
      },
      {
        "text": " ",
        "userDefined": false
      },
      {
        "text": "movies",
        "alias": "media",
        "meta": "@media",
        "userDefined": false
      },
      {
        "text": " on ",
        "userDefined": false
      },
      {
        "text": "living room Kodi",
        "alias": "player",
        "meta": "@player",
        "userDefined": false
      }
    ],
    "isTemplate": false,
    "count": 0,
    "updated": 0
  }
]