[
  {
    "id": "973ac16a-167f-4a9b-a45e-b0126cfc8e4c",
    "data": [
      {
        "text": "go to actress ",
        "userDefined": false
      },
      {
        "text": "jodie foster",
        "meta": "@actor",
        "alias": "actor",
        "userDefined": false
      }
    ],
    "isTemplate": false,
    "count": 0,
    "lang": "en",
    "updated": 0
  },
  {
    "id": "1763cd59-369b-42ab-ae23-eddc7a8736de",
    "data": [
      {
        "text": "go to actress ",
        "userDefined": false
      },
      {
        "text": "sharon stone",
        "meta": "@actor",
        "alias": "actor",
        "userDefined": true
      }
    ],
    "isTemplate": false,
    "count": 0,
    "lang": "en",
    "updated": 0
  },
  {
    "id": "7ec9cf3d-15ad-43c4-bcb0-373beefb8ac9",
    "data": [
      {
        "text": "navigate to actor ",
        "userDefined": false
      },
      {
        "text": "Bruce Willis",
        "meta": "@actor",
        "alias": "actor",
        "userDefined": false
      },
      {
        "text": " on ",
        "userDefined": false
      },
      {
        "text": "living room Kodi",
        "meta": "@player",
        "alias": "player",
        "userDefined": false
      }
    ],
    "isTemplate": false,
    "count": 0,
    "lang": "en",
    "updated": 0
  },
  {
    "id": "5b9644c0-9e54-4161-9712-e94646bc610a",
    "data": [
      {
        "text": "navigate to actor ",
        "userDefined": false
      },
      {
        "text": "bill paxton",
        "meta": "@actor",
        "alias": "actor",
        "userDefined": false
      },
      {
        "text": " on ",
        "userDefined": false
      },
      {
        "text": "living room tv",
        "meta": "@player",
        "alias": "player",
        "userDefined": false
      }
    ],
    "isTemplate": false,
    "count": 0,
    "lang": "en",
    "updated": 0
  },
  {
    "id": "650eba83-4b75-4778-bad1-646e8ca8354e",
    "data": [
      {
        "text": "navigate to actor ",
        "userDefined": false
      },
      {
        "text": "sylvester stallone",
        "meta": "@actor",
        "alias": "actor",
        "userDefined": false
      },
      {
        "text": " on ",
        "userDefined": false
      },
      {
        "text": "living room tv",
        "meta": "@player",
        "alias": "player",
        "userDefined": false
      }
    ],
    "isTemplate": false,
    "count": 0,
    "lang": "en",
    "updated": 0
  },
  {
    "id": "76800ad2-0bf9-49c7-b5d7-91cc5b59ad79",
    "data": [
      {
        "text": "go to actor ",
        "userDefined": false
      },
      {
        "text": "bill paxton",
        "meta": "@actor",
        "alias": "actor",
        "userDefined": false
      }
    ],
    "isTemplate": false,
    "count": 0,
    "lang": "en",
    "updated": 0
  }
]