[
  {
    "id": "c8c6840e-829b-4695-ab57-1c1a42f673db",
    "data": [
      {
        "text": "go to ",
        "userDefined": false
      },
      {
        "text": "box office",
        "meta": "@filter-movies",
        "alias": "filter",
        "userDefined": false
      }
    ],
    "isTemplate": false,
    "count": 0,
    "lang": "en",
    "updated": 0
  },
  {
    "id": "622e3fa1-91a8-4107-a0dc-5875c6fd46ef",
    "data": [
      {
        "text": "go to ",
        "userDefined": false
      },
      {
        "text": "movies",
        "meta": "@sys.ignore",
        "userDefined": true
      },
      {
        "text": " with the ",
        "userDefined": false
      },
      {
        "text": "highest revenue",
        "meta": "@filter-movies",
        "alias": "filter",
        "userDefined": false
      }
    ],
    "isTemplate": false,
    "count": 0,
    "lang": "en",
    "updated": 0
  },
  {
    "id": "75260c6e-6a92-4770-9de3-c45c64523eb6",
    "data": [
      {
        "text": "go to ",
        "userDefined": false
      },
      {
        "text": "now playing",
        "meta": "@filter-movies",
        "alias": "filter",
        "userDefined": false
      },
      {
        "text": " ",
        "userDefined": false
      },
      {
        "text": "movies",
        "meta": "@sys.ignore",
        "userDefined": true
      }
    ],
    "isTemplate": false,
    "count": 0,
    "lang": "en",
    "updated": 0
  },
  {
    "id": "3bf60782-2546-492a-aa8a-00c8501d3dc3",
    "data": [
      {
        "text": "go to ",
        "userDefined": false
      },
      {
        "text": "upcoming",
        "meta": "@filter-movies",
        "alias": "filter",
        "userDefined": false
      },
      {
        "text": " ",
        "userDefined": false
      },
      {
        "text": "movies",
        "meta": "@sys.ignore",
        "userDefined": true
      }
    ],
    "isTemplate": false,
    "count": 0,
    "lang": "en",
    "updated": 0
  }
]