[
  {
    "id": "cea76f32-f878-445f-97fd-43c6d942478d",
    "data": [
      {
        "text": "go to her ",
        "userDefined": false
      },
      {
        "text": "tv shows",
        "meta": "@starsin",
        "alias": "starsin",
        "userDefined": false
      }
    ],
    "isTemplate": false,
    "count": 0,
    "lang": "en",
    "updated": 0
  },
  {
    "id": "1d8f64a6-fa50-4c5c-9e61-ebbb5b25c82f",
    "data": [
      {
        "text": "go to his ",
        "userDefined": false
      },
      {
        "text": "tv shows",
        "meta": "@starsin",
        "alias": "starsin",
        "userDefined": false
      }
    ],
    "isTemplate": false,
    "count": 0,
    "lang": "en",
    "updated": 0
  },
  {
    "id": "8545460f-fee5-45d7-8b88-bd759092e2f0",
    "data": [
      {
        "text": "go to her ",
        "userDefined": false
      },
      {
        "text": "movies",
        "meta": "@starsin",
        "alias": "starsin",
        "userDefined": false
      }
    ],
    "isTemplate": false,
    "count": 0,
    "lang": "en",
    "updated": 0
  },
  {
    "id": "3b175359-f7a5-4832-9e9c-dc2f24f1cedc",
    "data": [
      {
        "text": "go to his ",
        "userDefined": false
      },
      {
        "text": "movies",
        "meta": "@starsin",
        "alias": "starsin",
        "userDefined": false
      }
    ],
    "isTemplate": false,
    "count": 0,
    "lang": "en",
    "updated": 0
  },
  {
    "id": "d8ba21f3-7587-474a-bf9c-2211336fbc10",
    "data": [
      {
        "text": "cast in ",
        "userDefined": false
      },
      {
        "text": "tv shows",
        "meta": "@starsin",
        "alias": "starsin",
        "userDefined": false
      }
    ],
    "isTemplate": false,
    "count": 0,
    "lang": "en",
    "updated": 0
  },
  {
    "id": "8fe551b0-afca-4a7f-978c-1371ba293d82",
    "data": [
      {
        "text": "cast in ",
        "userDefined": false
      },
      {
        "text": "movies",
        "meta": "@starsin",
        "alias": "starsin",
        "userDefined": false
      }
    ],
    "isTemplate": false,
    "count": 0,
    "lang": "en",
    "updated": 0
  }
]