[
  {
    "id": "c5c20f74-168f-47aa-ad0a-5c2d4d62d92a",
    "data": [
      {
        "text": "list ",
        "userDefined": false
      },
      {
        "text": "popular",
        "alias": "filter",
        "meta": "@filter",
        "userDefined": false
      },
      {
        "text": " ",
        "userDefined": false
      },
      {
        "text": "movies",
        "alias": "media",
        "meta": "@media",
        "userDefined": false
      },
      {
        "text": " on ",
        "userDefined": false
      },
      {
        "text": "living room Kodi",
        "alias": "player",
        "meta": "@player",
        "userDefined": false
      }
    ],
    "isTemplate": false,
    "count": 0,
    "updated": 0
  },
  {
    "id": "42c7694a-0ce3-4107-b976-48239d8c2550",
    "data": [
      {
        "text": "show ",
        "userDefined": false
      },
      {
        "text": "latest",
        "alias": "filter",
        "meta": "@filter",
        "userDefined": false
      },
      {
        "text": " ",
        "userDefined": false
      },
      {
        "text": "movies",
        "alias": "media",
        "meta": "@media",
        "userDefined": false
      },
      {
        "text": " on ",
        "userDefined": false
      },
      {
        "text": "living room Kodi",
        "alias": "player",
        "meta": "@player",
        "userDefined": false
      }
    ],
    "isTemplate": false,
    "count": 0,
    "updated": 0
  },
  {
    "id": "ed38e2c1-15c3-4504-9fa2-c62812a2c072",
    "data": [
      {
        "text": "show ",
        "userDefined": false
      },
      {
        "text": "trending",
        "alias": "filter",
        "meta": "@filter",
        "userDefined": false
      },
      {
        "text": " ",
        "userDefined": false
      },
      {
        "text": "tv shows",
        "alias": "media",
        "meta": "@media",
        "userDefined": false
      },
      {
        "text": " on ",
        "userDefined": false
      },
      {
        "text": "bedroom Kodi",
        "alias": "player",
        "meta": "@player",
        "userDefined": false
      }
    ],
    "isTemplate": false,
    "count": 0,
    "updated": 0
  },
  {
    "id": "a6574233-6ddf-4f24-8a9e-8051944b4506",
    "data": [
      {
        "text": "show ",
        "userDefined": false
      },
      {
        "text": "popular",
        "alias": "filter",
        "meta": "@filter",
        "userDefined": false
      },
      {
        "text": " ",
        "userDefined": false
      },
      {
        "text": "movies",
        "alias": "media",
        "meta": "@media",
        "userDefined": false
      },
      {
        "text": " on ",
        "userDefined": false
      },
      {
        "text": "living  room  Kodi",
        "alias": "player",
        "meta": "@player",
        "userDefined": false
      }
    ],
    "isTemplate": false,
    "count": 0,
    "updated": 0
  }
]