[
  {
    "id": "90e81199-98ea-40e6-95c5-17da37ed755f",
    "data": [
      {
        "text": "what ",
        "userDefined": false
      },
      {
        "text": "movie",
        "meta": "@sys.ignore",
        "userDefined": false
      },
      {
        "text": " is playing on ",
        "userDefined": false
      },
      {
        "text": "living room Kodi",
        "alias": "player",
        "meta": "@player",
        "userDefined": false
      }
    ],
    "isTemplate": false,
    "count": 0,
    "updated": 0
  },
  {
    "id": "fc6a4ec9-b446-4b78-bf83-f374728db4ff",
    "data": [
      {
        "text": "what is playing on ",
        "userDefined": false
      },
      {
        "text": "living room TV",
        "alias": "player",
        "meta": "@player",
        "userDefined": false
      }
    ],
    "isTemplate": false,
    "count": 0,
    "updated": 0
  }
]