[
  {
    "id": "3e54d01d-8a64-4bba-b053-ab97310a27b9",
    "data": [
      {
        "text": "heia",
        "userDefined": false
      }
    ],
    "isTemplate": false,
    "count": 0,
    "lang": "no",
    "updated": 0
  },
  {
    "id": "63645f81-ab3c-441b-b51a-ad9df717e80b",
    "data": [
      {
        "text": "ville bare si hei",
        "userDefined": false
      }
    ],
    "isTemplate": false,
    "count": 0,
    "lang": "no",
    "updated": 0
  },
  {
    "id": "506f62c1-46b6-4fa5-a3d0-86bb1f4d7dfb",
    "data": [
      {
        "text": "heisann",
        "userDefined": false
      }
    ],
    "isTemplate": false,
    "count": 0,
    "lang": "no",
    "updated": 0
  },
  {
    "id": "ee68551b-c608-4251-815a-3455400b03bb",
    "data": [
      {
        "text": "halla",
        "userDefined": false
      }
    ],
    "isTemplate": false,
    "count": 0,
    "lang": "no",
    "updated": 0
  },
  {
    "id": "e188b09e-16a1-45bb-ac66-50d188df2692",
    "data": [
      {
        "text": "heihei",
        "userDefined": false
      }
    ],
    "isTemplate": false,
    "count": 0,
    "lang": "no",
    "updated": 0
  },
  {
    "id": "818cd6e7-d510-4481-bd39-3fed4e25d01b",
    "data": [
      {
        "text": "god ettermiddag",
        "userDefined": false
      }
    ],
    "isTemplate": false,
    "count": 0,
    "lang": "no",
    "updated": 0
  },
  {
    "id": "1fc2a8f5-ad09-4de2-a7a6-a3cdcc829995",
    "data": [
      {
        "text": "hallo igjen",
        "userDefined": false
      }
    ],
    "isTemplate": false,
    "count": 0,
    "lang": "no",
    "updated": 0
  },
  {
    "id": "2cd172f2-5505-47eb-a7ee-a3fbd97c52e0",
    "data": [
      {
        "text": "lenge siden sist",
        "userDefined": false
      }
    ],
    "isTemplate": false,
    "count": 0,
    "lang": "no",
    "updated": 0
  },
  {
    "id": "37ebb0de-19ad-4ccd-b5ec-58b92a939c1b",
    "data": [
      {
        "text": "hallo",
        "userDefined": false
      }
    ],
    "isTemplate": false,
    "count": 0,
    "lang": "no",
    "updated": 0
  },
  {
    "id": "0304d6e7-b084-4c3d-bf74-35e4ec4e0fb4",
    "data": [
      {
        "text": "halloen",
        "userDefined": false
      }
    ],
    "isTemplate": false,
    "count": 0,
    "lang": "no",
    "updated": 0
  },
  {
    "id": "a4876e4c-7e9a-4324-a298-925f6c42a784",
    "data": [
      {
        "text": "hei på deg",
        "userDefined": false
      }
    ],
    "isTemplate": false,
    "count": 1,
    "lang": "no",
    "updated": 0
  },
  {
    "id": "5f7d7bf9-5c00-458b-9ae8-e1a49b4af831",
    "data": [
      {
        "text": "jeg sier hei",
        "userDefined": false
      }
    ],
    "isTemplate": false,
    "count": 0,
    "lang": "no",
    "updated": 0
  },
  {
    "id": "511e51be-587f-4768-b690-b34ea5bc40ba",
    "data": [
      {
        "text": "herlig dag i dag",
        "userDefined": false
      }
    ],
    "isTemplate": false,
    "count": 0,
    "lang": "no",
    "updated": 0
  },
  {
    "id": "42580353-3b10-4dd8-8f03-d2de09b05b75",
    "data": [
      {
        "text": "hei",
        "userDefined": false
      }
    ],
    "isTemplate": false,
    "count": 0,
    "lang": "no",
    "updated": 0
  },
  {
    "id": "aec4a8aa-b194-4837-80d5-a63669f28460",
    "data": [
      {
        "text": "halla påsan",
        "userDefined": false
      }
    ],
    "isTemplate": false,
    "count": 0,
    "lang": "no",
    "updated": 0
  },
  {
    "id": "c5c4d669-fc72-467a-803b-1f65a9b4cf67",
    "data": [
      {
        "text": "god dag",
        "userDefined": false
      }
    ],
    "isTemplate": false,
    "count": 0,
    "lang": "no",
    "updated": 0
  },
  {
    "id": "c918bcfa-8cdf-446e-9e8f-efed068df863",
    "data": [
      {
        "text": "hallohallo",
        "userDefined": false
      }
    ],
    "isTemplate": false,
    "count": 0,
    "lang": "no",
    "updated": 0
  }
]