[
  {
    "id": "04b2a962-990c-496e-8dad-aea845cd05dc",
    "data": [
      {
        "text": "I want to watch ",
        "userDefined": false
      },
      {
        "text": "movie",
        "alias": "media",
        "meta": "@media",
        "userDefined": true
      },
      {
        "text": " ",
        "userDefined": false
      },
      {
        "text": "the invisible man",
        "alias": "title",
        "meta": "@sys.any",
        "userDefined": true
      },
      {
        "text": " on ",
        "userDefined": false
      },
      {
        "text": "living room Kodi",
        "alias": "player",
        "meta": "@player",
        "userDefined": false
      }
    ],
    "isTemplate": false,
    "count": 0,
    "updated": 0
  },
  {
    "id": "f1e502c5-bf21-4098-b20d-631007731e6c",
    "data": [
      {
        "text": "Play ",
        "userDefined": false
      },
      {
        "text": "movie",
        "alias": "media",
        "meta": "@media",
        "userDefined": false
      },
      {
        "text": " ",
        "userDefined": false
      },
      {
        "text": "the Matrix",
        "alias": "title",
        "meta": "@sys.any",
        "userDefined": true
      },
      {
        "text": " in the ",
        "userDefined": false
      },
      {
        "text": "bedroom",
        "alias": "player",
        "meta": "@player",
        "userDefined": false
      }
    ],
    "isTemplate": false,
    "count": 0,
    "updated": 0
  },
  {
    "id": "a8b9aef6-9f16-47d5-b0bd-33fc2f1f94fe",
    "data": [
      {
        "text": "I want to watch ",
        "userDefined": false
      },
      {
        "text": "movie",
        "alias": "media",
        "meta": "@media",
        "userDefined": true
      },
      {
        "text": " ",
        "userDefined": false
      },
      {
        "text": "Rocky",
        "alias": "title",
        "meta": "@sys.any",
        "userDefined": true
      },
      {
        "text": " on ",
        "userDefined": false
      },
      {
        "text": "bedroom TV",
        "alias": "player",
        "meta": "@player",
        "userDefined": false
      }
    ],
    "isTemplate": false,
    "count": 0,
    "updated": 0
  },
  {
    "id": "2621fb53-c6c9-467c-a6b9-10957a2a7ec2",
    "data": [
      {
        "text": "Play ",
        "userDefined": false
      },
      {
        "text": "movie",
        "alias": "media",
        "meta": "@media",
        "userDefined": false
      },
      {
        "text": " ",
        "userDefined": false
      },
      {
        "text": "Rambo",
        "alias": "title",
        "meta": "@sys.any",
        "userDefined": true
      },
      {
        "text": " on ",
        "userDefined": false
      },
      {
        "text": "living room TV",
        "alias": "player",
        "meta": "@player",
        "userDefined": false
      }
    ],
    "isTemplate": false,
    "count": 0,
    "updated": 0
  }
]