[
  {
    "id": "36d0740a-7f32-4c3b-b608-dc360b957f56",
    "data": [
      {
        "text": "Search for related ",
        "userDefined": false
      },
      {
        "text": "movies",
        "alias": "media",
        "meta": "@media",
        "userDefined": false
      },
      {
        "text": " to Rambo on ",
        "userDefined": false
      },
      {
        "text": "living room TV",
        "alias": "player",
        "meta": "@player",
        "userDefined": false
      }
    ],
    "isTemplate": false,
    "count": 0,
    "updated": 0
  }
]