[
  {
    "id": "3bfd4ab3-1a22-4385-962b-588d3ac60d47",
    "data": [
      {
        "text": "Search for ",
        "userDefined": false
      },
      {
        "text": "ghostbusters",
        "alias": "title",
        "meta": "@sys.any",
        "userDefined": true
      },
      {
        "text": " on the ",
        "userDefined": false
      },
      {
        "text": "living room TV",
        "alias": "player",
        "meta": "@player",
        "userDefined": false
      }
    ],
    "isTemplate": false,
    "count": 0,
    "updated": 0
  },
  {
    "id": "c103982e-3bab-4487-b7ca-498e84cdbbc5",
    "data": [
      {
        "text": "Find ",
        "userDefined": false
      },
      {
        "text": "Bird Box",
        "alias": "title",
        "meta": "@sys.any",
        "userDefined": true
      },
      {
        "text": " on ",
        "userDefined": false
      },
      {
        "text": "Seren",
        "alias": "video-source",
        "meta": "@video-source",
        "userDefined": true
      }
    ],
    "isTemplate": false,
    "count": 0,
    "updated": 0
  },
  {
    "id": "9939b8e3-bfc6-479d-b117-6a73e0e09151",
    "data": [
      {
        "text": "Search for  ",
        "userDefined": false
      },
      {
        "text": "Don Juan",
        "alias": "title",
        "meta": "@sys.any",
        "userDefined": true
      },
      {
        "text": " from ",
        "userDefined": false
      },
      {
        "text": "1993",
        "alias": "year",
        "meta": "@sys.number",
        "userDefined": true
      },
      {
        "text": " on the ",
        "userDefined": false
      },
      {
        "text": "living room TV",
        "alias": "player",
        "meta": "@player",
        "userDefined": false
      }
    ],
    "isTemplate": false,
    "count": 0,
    "updated": 0
  },
  {
    "id": "fd58e61e-ec8a-40e4-9168-dda1e603413a",
    "data": [
      {
        "text": "Search for ",
        "userDefined": false
      },
      {
        "text": "Rocky 5",
        "alias": "title",
        "meta": "@sys.any",
        "userDefined": true
      },
      {
        "text": " on ",
        "userDefined": false
      },
      {
        "text": "living room TV",
        "alias": "player",
        "meta": "@player",
        "userDefined": false
      }
    ],
    "isTemplate": false,
    "count": 0,
    "updated": 0
  },
  {
    "id": "d2b3342b-f4bc-4bc7-8dad-19b0224406b3",
    "data": [
      {
        "text": "Find ",
        "userDefined": false
      },
      {
        "text": "Aladdin",
        "alias": "title",
        "meta": "@sys.any",
        "userDefined": true
      },
      {
        "text": " from ",
        "userDefined": false
      },
      {
        "text": "1992",
        "alias": "year",
        "meta": "@sys.number",
        "userDefined": false
      }
    ],
    "isTemplate": false,
    "count": 0,
    "updated": 0
  },
  {
    "id": "06afd9d6-ef47-4ee7-9731-383a854f32d6",
    "data": [
      {
        "text": "Search for ",
        "userDefined": false
      },
      {
        "text": "the Matrix",
        "alias": "title",
        "meta": "@sys.any",
        "userDefined": true
      },
      {
        "text": " franchise",
        "userDefined": false
      }
    ],
    "isTemplate": false,
    "count": 0,
    "updated": 0
  },
  {
    "id": "b509a7dd-93cf-4599-bb2a-e0e72b1754a0",
    "data": [
      {
        "text": "Find ",
        "userDefined": false
      },
      {
        "text": "Rocky",
        "alias": "title",
        "meta": "@sys.any",
        "userDefined": true
      }
    ],
    "isTemplate": false,
    "count": 0,
    "updated": 0
  },
  {
    "id": "f2315de4-4271-4315-8e6d-57034bda4246",
    "data": [
      {
        "text": "Search for the ",
        "userDefined": false
      },
      {
        "text": "Titanic",
        "alias": "title",
        "meta": "@sys.any",
        "userDefined": true
      }
    ],
    "isTemplate": false,
    "count": 0,
    "updated": 0
  },
  {
    "id": "43fe22f8-b45b-4440-9e9f-3a866a10dda0",
    "data": [
      {
        "text": "Search for ",
        "userDefined": false
      },
      {
        "text": "movie",
        "alias": "media",
        "meta": "@media",
        "userDefined": false
      },
      {
        "text": " ",
        "userDefined": false
      },
      {
        "text": "Rambo",
        "alias": "title",
        "meta": "@sys.any",
        "userDefined": true
      },
      {
        "text": " on ",
        "userDefined": false
      },
      {
        "text": "living room Kodi",
        "alias": "player",
        "meta": "@player",
        "userDefined": true
      }
    ],
    "isTemplate": false,
    "count": 0,
    "updated": 0
  }
]