[
  {
    "id": "13c4fcb3-2a7b-433d-9911-33867ccb1214",
    "data": [
      {
        "text": "I want ",
        "userDefined": false
      },
      {
        "text": "to watch a movie",
        "meta": "@sys.ignore",
        "userDefined": false
      },
      {
        "text": " with ",
        "userDefined": false
      },
      {
        "text": "Bruce Willis",
        "alias": "actor",
        "meta": "@actor",
        "userDefined": false
      }
    ],
    "isTemplate": false,
    "count": 0,
    "updated": 0
  },
  {
    "id": "4d3a8486-5e0d-494a-8dca-36d4e863cdaa",
    "data": [
      {
        "text": "find videos starring ",
        "userDefined": false
      },
      {
        "text": "Bruce Willis",
        "alias": "actor",
        "meta": "@actor",
        "userDefined": false
      }
    ],
    "isTemplate": false,
    "count": 0,
    "updated": 0
  }
]