[
  {
    "id": "2c87cfc5-5ced-4f51-9438-747e8717a808",
    "data": [
      {
        "text": "I want ",
        "userDefined": false
      },
      {
        "text": "to watch a movie",
        "meta": "@sys.ignore",
        "userDefined": false
      },
      {
        "text": " with ",
        "userDefined": false
      },
      {
        "text": "Bruce Willis",
        "alias": "actor",
        "meta": "@actor",
        "userDefined": false
      }
    ],
    "isTemplate": false,
    "count": 0,
    "updated": 0
  },
  {
    "id": "e716d874-274d-42a4-a153-a109ea6c6f32",
    "data": [
      {
        "text": "find videos starring ",
        "userDefined": false
      },
      {
        "text": "Bruce Willis",
        "alias": "actor",
        "meta": "@actor",
        "userDefined": false
      }
    ],
    "isTemplate": false,
    "count": 0,
    "updated": 0
  }
]