[
  {
    "id": "43fe22f8-b45b-4440-9e9f-3a866a10dda0",
    "data": [
      {
        "text": "Search for ",
        "userDefined": false
      },
      {
        "text": "movie",
        "alias": "media",
        "meta": "@media",
        "userDefined": false
      },
      {
        "text": " ",
        "userDefined": false
      },
      {
        "text": "Rambo",
        "alias": "title",
        "meta": "@sys.any",
        "userDefined": true
      },
      {
        "text": " on ",
        "userDefined": false
      },
      {
        "text": "living room Kodi",
        "alias": "player",
        "meta": "@player",
        "userDefined": true
      }
    ],
    "isTemplate": false,
    "count": 0,
    "updated": 0
  },
  {
    "id": "4c35ea85-f142-4777-8990-84eafc07dedf",
    "data": [
      {
        "text": "Show ",
        "userDefined": false
      },
      {
        "text": "tv show",
        "alias": "media",
        "meta": "@media",
        "userDefined": false
      },
      {
        "text": " ",
        "userDefined": false
      },
      {
        "text": "Breaking bad",
        "alias": "title",
        "meta": "@sys.any",
        "userDefined": true
      },
      {
        "text": " on ",
        "userDefined": false
      },
      {
        "text": "bedroom Kodi",
        "alias": "player",
        "meta": "@player",
        "userDefined": false
      }
    ],
    "isTemplate": false,
    "count": 0,
    "updated": 0
  },
  {
    "id": "70cb9f6e-c77a-4e85-9583-9afbb5dd1c7b",
    "data": [
      {
        "text": "Show ",
        "userDefined": false
      },
      {
        "text": "movie",
        "alias": "media",
        "meta": "@media",
        "userDefined": false
      },
      {
        "text": " ",
        "userDefined": false
      },
      {
        "text": "Rocky",
        "alias": "title",
        "meta": "@sys.any",
        "userDefined": true
      },
      {
        "text": " on ",
        "userDefined": false
      },
      {
        "text": "living room Kodi",
        "alias": "player",
        "meta": "@player",
        "userDefined": false
      }
    ],
    "isTemplate": false,
    "count": 0,
    "updated": 0
  }
]