[
  {
    "id": "1876eb64-c871-4125-8e12-ddc5a7d4d50c",
    "data": [
      {
        "text": "Search for actor ",
        "userDefined": false
      },
      {
        "text": "Robert De Niro",
        "alias": "actor",
        "meta": "@actor",
        "userDefined": false
      },
      {
        "text": " on the ",
        "userDefined": false
      },
      {
        "text": "living room TV",
        "alias": "player",
        "meta": "@player",
        "userDefined": false
      }
    ],
    "isTemplate": false,
    "count": 0,
    "updated": 0
  },
  {
    "id": "0153dd4f-202e-4727-9fb9-9e337c185b25",
    "data": [
      {
        "text": "Find actor ",
        "userDefined": false
      },
      {
        "text": "Bill Camp",
        "alias": "actor",
        "meta": "@actor",
        "userDefined": false
      },
      {
        "text": " on the ",
        "userDefined": false
      },
      {
        "text": "living room TV",
        "alias": "player",
        "meta": "@player",
        "userDefined": false
      }
    ],
    "isTemplate": false,
    "count": 0,
    "updated": 0
  },
  {
    "id": "5ce8b8fb-cfad-417f-9c2e-d0951a80b463",
    "data": [
      {
        "text": "Search for actor ",
        "userDefined": false
      },
      {
        "text": "Bruce Cullen",
        "alias": "actor",
        "meta": "@actor",
        "userDefined": false
      }
    ],
    "isTemplate": false,
    "count": 0,
    "updated": 0
  },
  {
    "id": "b6150c71-16a3-4ae7-a1cb-b20041316424",
    "data": [
      {
        "text": "List ",
        "userDefined": false
      },
      {
        "text": "movies",
        "alias": "media",
        "meta": "@media",
        "userDefined": true
      },
      {
        "text": " starring ",
        "userDefined": false
      },
      {
        "text": "Bill Paxton",
        "alias": "actor",
        "meta": "@actor",
        "userDefined": false
      },
      {
        "text": " on ",
        "userDefined": false
      },
      {
        "text": "living room tv",
        "alias": "player",
        "meta": "@player",
        "userDefined": true
      }
    ],
    "isTemplate": false,
    "count": 0,
    "updated": 0
  },
  {
    "id": "7137440e-96f8-4b2a-a77a-f8336b2f0b8a",
    "data": [
      {
        "text": "List ",
        "userDefined": false
      },
      {
        "text": "Bruce Willis",
        "alias": "actor",
        "meta": "@actor",
        "userDefined": false
      },
      {
        "text": " ",
        "userDefined": false
      },
      {
        "text": "movies",
        "alias": "media",
        "meta": "@media",
        "userDefined": false
      },
      {
        "text": " on ",
        "userDefined": false
      },
      {
        "text": "Living room Kodi",
        "alias": "player",
        "meta": "@player",
        "userDefined": false
      }
    ],
    "isTemplate": false,
    "count": 0,
    "updated": 0
  },
  {
    "id": "a95bb315-eac9-4396-81d9-869d213bccf3",
    "data": [
      {
        "text": "Search for ",
        "userDefined": false
      },
      {
        "text": "Tom Hanks",
        "alias": "actor",
        "meta": "@actor",
        "userDefined": false
      },
      {
        "text": " ",
        "userDefined": false
      },
      {
        "text": "movies",
        "alias": "media",
        "meta": "@media",
        "userDefined": true
      }
    ],
    "isTemplate": false,
    "count": 0,
    "updated": 0
  },
  {
    "id": "67545fee-cfd5-4a87-a56f-350bf407639c",
    "data": [
      {
        "text": "Show me movies with ",
        "userDefined": false
      },
      {
        "text": "Brad Pitt",
        "alias": "actor",
        "meta": "@actor",
        "userDefined": false
      },
      {
        "text": " in it",
        "userDefined": false
      }
    ],
    "isTemplate": false,
    "count": 0,
    "updated": 0
  },
  {
    "id": "115957d7-019e-4f79-966d-10bfa77cf958",
    "data": [
      {
        "text": "I want to see a ",
        "userDefined": false
      },
      {
        "text": "Brad Pitt",
        "alias": "actor",
        "meta": "@actor",
        "userDefined": false
      },
      {
        "text": " movie",
        "userDefined": false
      }
    ],
    "isTemplate": false,
    "count": 0,
    "updated": 0
  },
  {
    "id": "118173b8-2a3d-4db6-8198-6430d8592073",
    "data": [
      {
        "text": "List movies starring ",
        "userDefined": false
      },
      {
        "text": "Brad Pitt",
        "alias": "actor",
        "meta": "@actor",
        "userDefined": false
      }
    ],
    "isTemplate": false,
    "count": 0,
    "updated": 0
  },
  {
    "id": "f0d53edc-5a72-4a1b-a09a-b90cf2051fb1",
    "data": [
      {
        "text": "I want to see ",
        "userDefined": false
      },
      {
        "text": "Tom Hanks",
        "alias": "actor",
        "meta": "@actor",
        "userDefined": false
      }
    ],
    "isTemplate": false,
    "count": 0,
    "updated": 0
  },
  {
    "id": "ceb3a6f0-4b78-4f6e-851e-a75eeb2fce0a",
    "data": [
      {
        "text": "Find movies with ",
        "userDefined": false
      },
      {
        "text": "Tom Hanks",
        "alias": "actor",
        "meta": "@actor",
        "userDefined": false
      }
    ],
    "isTemplate": false,
    "count": 0,
    "updated": 0
  },
  {
    "id": "c31b5f2a-42dc-4f84-99c6-d2ba3f2d5607",
    "data": [
      {
        "text": "List movies by ",
        "userDefined": false
      },
      {
        "text": "Bill Paxton",
        "alias": "actor",
        "meta": "@actor",
        "userDefined": false
      }
    ],
    "isTemplate": false,
    "count": 0,
    "updated": 0
  },
  {
    "id": "2659ea50-68f6-4ad5-8059-c20c1985a4fd",
    "data": [
      {
        "text": "search ",
        "userDefined": false
      },
      {
        "text": "for",
        "meta": "@sys.ignore",
        "userDefined": false
      },
      {
        "text": " movies with ",
        "userDefined": false
      },
      {
        "text": "Sylvester Stallone",
        "alias": "actor",
        "meta": "@actor",
        "userDefined": false
      }
    ],
    "isTemplate": false,
    "count": 0,
    "updated": 0
  },
  {
    "id": "382da0e1-a403-4435-bce3-be7d3e1cbb23",
    "data": [
      {
        "text": "I want ",
        "userDefined": false
      },
      {
        "text": "to watch a movie",
        "meta": "@sys.ignore",
        "userDefined": false
      },
      {
        "text": " with ",
        "userDefined": false
      },
      {
        "text": "Bruce Willis",
        "alias": "actor",
        "meta": "@actor",
        "userDefined": false
      }
    ],
    "isTemplate": false,
    "count": 0,
    "updated": 0
  },
  {
    "id": "85b66f5c-6c9d-44a8-8b64-e5bdf93fa94e",
    "data": [
      {
        "text": "find videos starring ",
        "userDefined": false
      },
      {
        "text": "Bruce Willis",
        "alias": "actor",
        "meta": "@actor",
        "userDefined": false
      }
    ],
    "isTemplate": false,
    "count": 0,
    "updated": 0
  }
]