[
  {
    "id": "c998a4ef-5ae8-476b-b868-f32a7fa294fb",
    "data": [
      {
        "text": "sort by ",
        "userDefined": false
      },
      {
        "text": "score",
        "meta": "@sort",
        "alias": "sort",
        "userDefined": false
      }
    ],
    "isTemplate": false,
    "count": 0,
    "lang": "en",
    "updated": 0
  },
  {
    "id": "969b46ed-8c89-4e4a-a507-7876ddfe06a5",
    "data": [
      {
        "text": "sort by ",
        "userDefined": false
      },
      {
        "text": "release date",
        "meta": "@sort",
        "alias": "sort",
        "userDefined": false
      }
    ],
    "isTemplate": false,
    "count": 0,
    "lang": "en",
    "updated": 0
  },
  {
    "id": "0d57336c-1a25-4770-b0d1-706c3f206bb1",
    "data": [
      {
        "text": "sort by ",
        "userDefined": false
      },
      {
        "text": "popularity",
        "meta": "@sort",
        "alias": "sort",
        "userDefined": false
      }
    ],
    "isTemplate": false,
    "count": 0,
    "lang": "en",
    "updated": 0
  }
]