[
  {
    "value": "airing_today",
    "synonyms": [
      "airing today"
    ]
  },
  {
    "value": "on_the_air",
    "synonyms": [
      "airing now"
    ]
  },
  {
    "value": "library_nextaired",
    "synonyms": [
      "next aired library"
    ]
  },
  {
    "value": "trakt_calendar",
    "synonyms": [
      "my calendar",
      "calendar"
    ]
  },
  {
    "value": "trakt_nextepisodes",
    "synonyms": [
      "my next episodes"
    ]
  },
  {
    "value": "trakt_myairing",
    "synonyms": [
      "airing this week"
    ]
  }
]