[
  {
    "value": "trakt_popular",
    "synonyms": [
      "popular",
      "pop"
    ]
  },
  {
    "value": "trakt_trending",
    "synonyms": [
      "trending",
      "trending today"
    ]
  },
  {
    "value": "trakt_recommendations",
    "synonyms": [
      "recommended",
      "recommendations"
    ]
  },
  {
    "value": "trakt_inprogress",
    "synonyms": [
      "in progress",
      "on deck"
    ]
  },
  {
    "value": "trakt_mostplayed",
    "synonyms": [
      "most played"
    ]
  },
  {
    "value": "trending_week",
    "synonyms": [
      "trending this week"
    ]
  },
  {
    "value": "most_voted",
    "synonyms": [
      "most voted"
    ]
  },
  {
    "value": "top_rated",
    "synonyms": [
      "top rated",
      "highest rated"
    ]
  },
  {
    "value": "trakt_watchlist",
    "synonyms": [
      "watchlist",
      "watch list"
    ]
  },
  {
    "value": "trakt_history",
    "synonyms": [
      "recently watched",
      "history"
    ]
  },
  {
    "value": "trakt_mostwatched",
    "synonyms": [
      "most watched"
    ]
  },
  {
    "value": "trakt_becauseyouwatched",
    "synonyms": [
      "because I watched"
    ]
  },
  {
    "value": "trakt_becausemostwatched",
    "synonyms": [
      "because most watched"
    ]
  }
]