[
  {
    "value": "28",
    "synonyms": [
      "action"
    ]
  },
  {
    "value": "16",
    "synonyms": [
      "animation"
    ]
  },
  {
    "value": "16",
    "synonyms": [
      "anime",
      "animation",
      "cartoons"
    ]
  },
  {
    "value": "35",
    "synonyms": [
      "comedies",
      "comedy"
    ]
  },
  {
    "value": "80",
    "synonyms": [
      "detective",
      "crime"
    ]
  },
  {
    "value": "99",
    "synonyms": [
      "documentary"
    ]
  },
  {
    "value": "18",
    "synonyms": [
      "drama",
      "dramatic"
    ]
  },
  {
    "value": "10751",
    "synonyms": [
      "family"
    ]
  },
  {
    "value": "14",
    "synonyms": [
      "fantasy"
    ]
  },
  {
    "value": "27",
    "synonyms": [
      "horror",
      "scary"
    ]
  },
  {
    "value": "9648",
    "synonyms": [
      "mystery"
    ]
  },
  {
    "value": "10749",
    "synonyms": [
      "romantic",
      "love",
      "girl flick"
    ]
  },
  {
    "value": "878",
    "synonyms": [
      "science fiction",
      "sci fi"
    ]
  },
  {
    "value": "53",
    "synonyms": [
      "thriller",
      "thrillers"
    ]
  },
  {
    "value": "37",
    "synonyms": [
      "western",
      "westerns"
    ]
  },
  {
    "value": "12",
    "synonyms": [
      "adventure"
    ]
  },
  {
    "value": "36",
    "synonyms": [
      "history",
      "historical"
    ]
  },
  {
    "value": "10402",
    "synonyms": [
      "music",
      "musical"
    ]
  },
  {
    "value": "10770",
    "synonyms": [
      "tv movie"
    ]
  },
  {
    "value": "10752",
    "synonyms": [
      "war"
    ]
  }
]