[
  {
    "value": "28",
    "synonyms": [
      "not action"
    ]
  },
  {
    "value": "16",
    "synonyms": [
      "not animation",
      "not anime",
      "not cartoon"
    ]
  },
  {
    "value": "35",
    "synonyms": [
      "not comedies",
      "not comedy"
    ]
  },
  {
    "value": "80",
    "synonyms": [
      "not detective",
      "not crime"
    ]
  },
  {
    "value": "99",
    "synonyms": [
      "not documentary"
    ]
  },
  {
    "value": "18",
    "synonyms": [
      "not drama",
      "not dramatic"
    ]
  },
  {
    "value": "10751",
    "synonyms": [
      "family",
      "not family"
    ]
  },
  {
    "value": "14",
    "synonyms": [
      "not fantasy"
    ]
  },
  {
    "value": "27",
    "synonyms": [
      "not horror",
      "not scary"
    ]
  },
  {
    "value": "9648",
    "synonyms": [
      "not mystery"
    ]
  },
  {
    "value": "10749",
    "synonyms": [
      "not romantic",
      "love",
      "not girl flick"
    ]
  },
  {
    "value": "878",
    "synonyms": [
      "not science fiction",
      "not sci fi"
    ]
  },
  {
    "value": "53",
    "synonyms": [
      "not thriller",
      "not thrillers"
    ]
  },
  {
    "value": "37",
    "synonyms": [
      "not western",
      "not westerns"
    ]
  },
  {
    "value": "12",
    "synonyms": [
      "not adventure"
    ]
  },
  {
    "value": "36",
    "synonyms": [
      "not history"
    ]
  },
  {
    "value": "10402",
    "synonyms": [
      "not music",
      "not musical"
    ]
  },
  {
    "value": "10770",
    "synonyms": [
      "not tv movie"
    ]
  },
  {
    "value": "10752",
    "synonyms": [
      "not war"
    ]
  }
]