[
  {
    "value": "popularity_asc",
    "synonyms": [
      "popularity_asc",
      "popularity ascending"
    ]
  },
  {
    "value": "popularity_desc",
    "synonyms": [
      "popularity_desc",
      "popularity descending",
      "popularity"
    ]
  },
  {
    "value": "release_date_asc",
    "synonyms": [
      "release_date_asc",
      "release date ascending"
    ]
  },
  {
    "value": "release_date_desc",
    "synonyms": [
      "release_date_desc",
      "release date descending",
      "release date",
      "release"
    ]
  },
  {
    "value": "revenue_asc",
    "synonyms": [
      "revenue_asc",
      "revenue ascending"
    ]
  },
  {
    "value": "revenue_desc",
    "synonyms": [
      "revenue_desc",
      "revenue descending",
      "revenue"
    ]
  },
  {
    "value": "vote_average_asc",
    "synonyms": [
      "vote_average_asc",
      "vote average ascending"
    ]
  },
  {
    "value": "vote_average_desc",
    "synonyms": [
      "vote_average_desc",
      "vote average descending",
      "vote average",
      "score"
    ]
  },
  {
    "value": "vote_count_asc",
    "synonyms": [
      "vote_count_asc",
      "vote count ascending"
    ]
  },
  {
    "value": "vote_count_desc",
    "synonyms": [
      "vote_count_desc",
      "vote count descending",
      "vote count",
      "votes"
    ]
  }
]